{
  "calibration": {
    "homography_matrix": [
      [
        0.02467897627077666,
        0.0038312701827849707,
        -10.866173992424473
      ],
      [
        0.00028974687574206156,
        -0.04844944450684681,
        33.236162194904324
      ],
      [
        -6.010779210480773e-05,
        0.0004415575123966264,
        1.0
      ]
    ],
    "fps": 25,
    "speed_unit": "kmh"
  },
  "speed_limits": {
    "car": 10,
    "truck": 90,
    "bus": 90,
    "motorcycle": 120,
    "bicycle": 30
  },
  "statistics": {
    "total_tracks": 0,
    "tracks_with_speed": 0,
    "total_violations": 0,
    "violations_by_class": {}
  },
  "tracks": [],
  "violations": []
}